{
    "distance_to_trim": 500,
    "locations": [
        [1.130475, 1.450475, 103.609168, 104.029168]
    ]
}